{"cameraMode":{"drawMode":0,"name":"Shaded","section":"Shading Mode"},"sceneLighting":false,"audioPlay":false,"sceneViewState":{"showFog":true,"showMaterialUpdate":false,"showSkybox":false,"showFlares":true,"showImageEffects":true,"showParticleSystems":true},"in2DMode":false,"pivot":{"x":2.4006400108337404,"y":0.6235557198524475,"z":-2.47528338432312},"rotation":{"x":-0.012379596941173077,"y":-0.6422474980354309,"z":-0.01043484266847372,"w":0.7663631439208984},"size":0.6148780584335327,"orthographic":false}