{"cameraMode":{"drawMode":0,"name":"Shaded","section":"Shading Mode"},"sceneLighting":false,"audioPlay":false,"sceneViewState":{"showFog":true,"showMaterialUpdate":false,"showSkybox":false,"showFlares":true,"showImageEffects":true,"showParticleSystems":true},"in2DMode":false,"pivot":{"x":-0.05320999026298523,"y":-0.146951362490654,"z":-0.3357505798339844},"rotation":{"x":0.14784930646419526,"y":-0.07412008196115494,"z":0.011087190359830857,"w":0.9861940145492554},"size":0.6208845376968384,"orthographic":false}