{"cameraMode":{"drawMode":0,"name":"Shaded","section":"Shading Mode"},"sceneLighting":false,"audioPlay":false,"sceneViewState":{"showFog":true,"showMaterialUpdate":false,"showSkybox":false,"showFlares":true,"showImageEffects":true,"showParticleSystems":true},"in2DMode":false,"pivot":{"x":-0.02199999801814556,"y":0.6449999809265137,"z":3.7474498748779299},"rotation":{"x":-0.2802577018737793,"y":0.4373950660228729,"z":-0.14558248221874238,"w":-0.8420099020004273},"size":0.23446671664714814,"orthographic":false}